[
    {
        "id":1,
        "coursename":"Frontend Development",
        "courseyear":"2021",
        "institute":"Q sipder"
        
    },
    {
        "id":2,
        "coursename":"B.E Mechanicaljeppiaar engineering college",
        "courseyear":"2019",
        "institute":"Anna University",
        "grade":"65% Percentage"
    },
    {
        "id":3,
        "coursename":"HSC Computer science",
        "courseyear":"2015",
        "institute":"BDMS matric Higher secoundary school",
        "grade":"70% Percentage"
    },
    {
        "id":4,
        "coursename":"SSC Computer science ",
        "courseyear":"2013",
        "institute":"S.S.K.V Matric higher secoundary school",
        "grade":"60% Percentage"
    }
]