[
  {
    "id": 1,
    "projectlink": "https://www.youtube.com/embed/xidxWceG-wA",
    "codelink": "https://github.com/poojagarva28/portfolio"
  },
  {
    "id": 2,
    "projectlink": "https://www.youtube.com/embed/aWEYQRIfMJ4",
    "codelink": "https://github.com/poojagarva28/todo-javascript"
  },
  {
    "id": 3,
    "projectlink": "https://www.youtube.com/embed/Li1-9zinwEk",
    "codelink": "https://github.com/poojagarva28/Video-Player-JS"
  },
  {
    "id": 4,
    "projectlink": "https://www.youtube.com/embed/shhjrGmmcLM",
    "codelink": "https://github.com/poojagarva28/notes"
  },
  {
    "id": 5,
    "projectlink": "https://www.youtube.com/embed/bLatG_x6gsk?si=Gf4iAmBpBQG-tfIg",
    "codelink": "https://github.com/poojagarva28/emoji-world"
  }
]
