[
  {
    "id": 1,
    "servicename": "Graphic Design",
    "imgg": "https://raw.githubusercontent.com/poojagarva28/myportfolio/master/src/Data/Serviceimg/graphic-design.png"
  },
  {
    "id": 2,
    "servicename": "Interface / Web Design",
    "imgg": "https://raw.githubusercontent.com/poojagarva28/myportfolio/master/src/Data/Serviceimg/web-design.png"
  },
  {
    "id": 3,
    "servicename": "Web Development",
    "imgg": "https://raw.githubusercontent.com/poojagarva28/myportfolio/master/src/Data/Serviceimg/web-development.png"
  }
]
